time,seconds_elapsed,z,y,x
1783080698683841500,0.077841552734375,-3.2921581268310547,-2.457653045654297,1.597703456878662
1783080698703718000,0.0977177734375,0.27667665481567383,-0.30060720443725586,1.5699388980865479
1783080698723358000,0.11735791015625,5.049611568450928,4.438018798828125,0.02037946879863739
1783080698743166500,0.13716650390625,9.980796813964844,8.746219635009766,0.7180030941963196
1783080698763170800,0.1571708984375,13.969818115234375,8.82472038269043,2.92098069190979
1783080698782867000,0.176866943359375,15.546012878417969,7.518500328063965,4.5773091316223145
1783080698802717200,0.19671728515625,17.82685661315918,8.9443359375,1.2155559062957764
1783080698822567400,0.2165673828125,20.27506446838379,10.462627410888672,-1.4678860902786255
1783080698842417700,0.236417724609375,20.457412719726562,10.300651550292969,-1.0811084508895874
1783080698862422000,0.256422119140625,17.308704376220703,9.465831756591797,-0.16706641018390656
1783080698882118100,0.2761181640625,9.29434585571289,6.716398239135742,1.4328351020812988
1783080698901968400,0.295968505859375,-1.07535982131958,3.423872470855713,1.5833911895751953
1783080698921818600,0.315818603515625,-7.858504295349121,-0.2737588882446289,0.5433350801467896
1783080698941668900,0.3356689453125,-10.395838737487793,-2.954371213912964,-1.3539226055145264
1783080698961673000,0.3556728515625,-11.159120559692383,-4.767251968383789,-2.4355478286743164
1783080698981369300,0.375369384765625,-10.810503005981445,-5.510008335113525,-3.033346176147461
1783080699001219600,0.395219482421875,-9.7898530960083,-5.54747200012207,-3.841216802597046
1783080699021069600,0.415069580078125,-9.401381492614746,-5.528921127319336,-3.5876708030700684
1783080699040919800,0.434919921875,-8.72547721862793,-5.9259538650512695,-2.264712333679199
1783080699060924200,0.454924072265625,-6.648083209991455,-6.368420600891113,-0.9420387744903564
1783080699080774700,0.474774658203125,-4.2635393142700195,-7.114528179168701,0.8233526349067688
1783080699100625000,0.494625,-2.5222392082214355,-8.014447212219238,1.3957226276397705
1783080699120283000,0.514282958984375,-2.350984573364258,-9.013812065124512,0.4206663966178894
1783080699140132900,0.5341328125,-3.529919147491455,-9.122780799865723,-1.5640971660614014
1783080699160175400,0.55417529296875,-5.621657371520996,-8.754674911499023,-2.895416021347046
1783080699179833300,0.573833251953125,-7.419675827026367,-8.380752563476562,-2.9220564365386963
1783080699199683300,0.593683349609375,-8.941473007202148,-7.166254997253418,-2.342914581298828
1783080699219726000,0.61372607421875,-9.068259239196777,-5.964475631713867,-0.15243852138519287
1783080699239576300,0.633576416015625,-6.861152172088623,-3.7286195755004883,1.939907431602478
1783080699259426800,0.6534267578125,-3.0982096195220947,0.6609349250793457,1.8758364915847778
1783080699279123000,0.673123046875,1.294283390045166,8.435813903808594,-0.17213773727416992
1783080699298973200,0.69297314453125,4.56880521774292,16.10415267944336,-1.32637619972229
1783080699318823200,0.7128232421875,11.44199275970459,20.119060516357422,-0.9917110800743103
1783080699338827500,0.73282763671875,28.7137451171875,16.46785545349121,5.619609355926514
1783080699358677800,0.752677734375,39.517539978027344,14.110380172729492,6.687613010406494
1783080699378374100,0.7723740234375,32.578556060791016,13.828459739685059,2.9066827297210693
1783080699398185700,0.792185791015625,18.09157371520996,11.742338180541992,1.1448637247085571
1783080699418035700,0.81203564453125,2.754843235015869,9.195697784423828,0.3038674592971802
1783080699438078500,0.832078369140625,-9.524530410766602,4.447581768035889,0.6937007904052734
1783080699457736200,0.851736083984375,-12.602914810180664,-1.0987982749938965,1.0041749477386475
1783080699477586400,0.87158642578125,-9.989673614501953,-5.752654075622559,0.2814229726791382
1783080699497629000,0.89162890625,-6.301130771636963,-7.711854934692383,-1.9243857860565186
1783080699517479400,0.9114794921875,-5.5762939453125,-7.972745895385742,-2.8016719818115234
1783080699537329700,0.93132958984375,-7.96590518951416,-7.579716205596924,-2.8464393615722656
1783080699556987600,0.950987548828125,-11.073144912719727,-7.348669528961182,-2.5797064304351807
1783080699576837600,0.970837646484375,-11.739873886108398,-7.6415557861328125,-2.2257494926452637
1783080699596688000,0.99068798828125,-9.68735408782959,-8.658049583435059,-1.4646934270858765
1783080699616730400,1.01073046875,-6.580228328704834,-9.583051681518555,-1.5270130634307861
1783080699636580900,1.030580810546875,-3.9369192123413086,-9.594491958618164,-2.47369122505188
1783080699656238600,1.050238525390625,-3.007936954498291,-8.990259170532227,-3.332298755645752
1783080699676088600,1.070088623046875,-4.387206554412842,-8.052762985229492,-3.5086896419525146
1783080699695938800,1.089938720703125,-6.619321823120117,-7.096945762634277,-3.2089076042175293
1783080699715981300,1.109981201171875,-8.32158374786377,-6.13883638381958,-2.745737075805664
1783080699735831800,1.129831787109375,-8.295231819152832,-4.919487953186035,-2.3685412406921387
1783080699755528200,1.149528076171875,-5.949253082275391,-2.956378221511841,-1.6597176790237427
1783080699775532300,1.1695322265625,-4.139536380767822,0.08611583709716797,0.20960736274719238
1783080699795228700,1.189228759765625,-1.9978671073913574,4.251145839691162,2.7276763916015625
1783080699815232800,1.209232666015625,3.6398205757141113,13.259258270263672,0.9795928597450256
1783080699835083000,1.2290830078125,12.474851608276367,23.9276180267334,-3.7446694374084473
1783080699854741000,1.248740966796875,27.86031150817871,27.544343948364258,-2.262525796890259
1783080699874591000,1.268591064453125,38.51740646362305,20.984012603759766,1.733927845954895
1783080699894441000,1.28844091796875,37.72350311279297,16.235801696777344,1.7685420513153076
1783080699914483700,1.308483642578125,22.603588104248047,9.64614200592041,3.0293829441070557
1783080699934334000,1.328333984375,-1.0272068977355957,6.993101119995117,1.5249137878417969
1783080699953992000,1.347991943359375,-18.578834533691406,4.083673477172852,2.0789365768432617
1783080699973842000,1.367842041015625,-22.559219360351562,-1.4975810050964355,3.14359974861145
1783080699993692000,1.38769189453125,-14.491703033447266,-9.712658882141113,4.336635589599609
1783080700013734700,1.407734619140625,-2.5399324893951416,-12.982198715209961,1.7636507749557495
1783080700033392600,1.427392578125,3.8800411224365234,-11.530895233154297,-2.5428104400634766
1783080700053242600,1.44724267578125,1.2337870597839355,-9.18568229675293,-4.245237827301025
1783080700073092600,1.467092529296875,-5.681732177734375,-7.770647048950195,-3.4177210330963135
1783080700092942800,1.48694287109375,-10.6390380859375,-7.062783241271973,-1.6679396629333496
1783080700112985600,1.506985595703125,-10.351877212524414,-7.472221851348877,0.9476296901702881
1783080700132836000,1.526836181640625,-6.359257221221924,-8.045844078063965,1.7846356630325317
1783080700152493800,1.546493896484375,-2.502577543258667,-8.237645149230957,0.3193166255950928
1783080700172344000,1.566343994140625,-0.7475099563598633,-7.86438512802124,-2.0556485652923584
1783080700192194000,1.586194091796875,-1.3716297149658203,-7.484294891357422,-3.1558594703674316
1783080700212236800,1.60623681640625,-3.219686985015869,-7.597646236419678,-2.5074667930603027
1783080700231894500,1.62589453125,-5.18288516998291,-7.591144561767578,-1.7210218906402588
1783080700251744800,1.645744873046875,-6.82354211807251,-7.452699661254883,-1.4046381711959839
1783080700271787500,1.66578759765625,-6.75682258605957,-7.182159423828125,-1.0762648582458496
1783080700291445200,1.6854453125,-5.789071559906006,-7.138818264007568,-0.2131555676460266
1783080700311488000,1.705488037109375,-4.9431071281433105,-6.8716864585876465,0.4031674861907959
1783080700331145700,1.725145751953125,-4.497480869293213,-5.691719055175781,0.4093852639198303
1783080700350996000,1.744995849609375,-3.376128673553467,-3.567600965499878,0.23721623420715332
1783080700370846000,1.764845947265625,-0.5559554100036621,0.7906112670898438,0.27019935846328735
1783080700390696000,1.784696044921875,3.10966157913208,9.493240356445312,-0.7020664215087891
1783080700410738700,1.80473876953125,2.008998394012451,17.321874618530273,-3.13653564453125
1783080700430396700,1.824396728515625,4.540297031402588,24.2105712890625,-4.5902180671691895
1783080700450439400,1.844439453125,21.449962615966797,21.654542922973633,-0.5255064964294434
1783080700470097200,1.86409716796875,40.3935432434082,18.790674209594727,2.0620486736297607
1783080700489947100,1.883947021484375,35.57184600830078,14.255672454833984,3.425830364227295
1783080700509990000,1.903989990234375,14.1348876953125,11.257963180541992,1.3430190086364746
1783080700529840400,1.92384033203125,-4.794853210449219,7.860482215881348,1.3127453327178955
1783080700549690600,1.943690673828125,-14.43101692199707,0.2504701614379883,1.6303961277008057
1783080700569541000,1.963541015625,-7.939050674438477,-6.214372158050537,-1.5726606845855713
1783080700589391400,1.983391357421875,2.7956414222717285,-9.121540069580078,-2.816833257675171
1783080700609241600,2.00324169921875,1.6084227561950684,-8.839807510375977,-2.4362106323242188
1783080700629091800,2.023091796875,-6.946770191192627,-7.138114929199219,-1.3892152309417725
1783080700648942000,2.042942138671875,-12.565309524536133,-6.330023765563965,-0.13657456636428833
1783080700668792300,2.062792236328125,-11.67711067199707,-6.570541858673096,1.1897037029266357
1783080700688642600,2.082642578125,-6.214338302612305,-7.338759422302246,0.699169397354126
1783080700708492800,2.102492919921875,-1.8150591850280762,-7.4249491691589355,-0.8527158498764038
1783080700728343000,2.122343017578125,-1.2116971015930176,-7.166986465454102,-1.7552978992462158
1783080700748193300,2.142193359375,-3.9961130619049072,-7.0259552001953125,-1.8602644205093384
1783080700768043500,2.16204345703125,-6.6786041259765625,-7.119245529174805,-0.8973174691200256
1783080700787893800,2.181893798828125,-7.611577987670898,-7.243044853210449,-0.3235887587070465
1783080700807744000,2.201743896484375,-7.115786075592041,-7.364872932434082,-0.3038007616996765
1783080700827594200,2.22159423828125,-6.748021125793457,-7.48323917388916,-0.2709806263446808
1783080700847444500,2.241444580078125,-6.652963638305664,-7.696690559387207,-0.04305543005466461
1783080700867294700,2.261294677734375,-6.278285503387451,-7.620768070220947,0.08738389611244202
1783080700887145000,2.28114501953125,-5.848972320556641,-7.261023998260498,0.1658913940191269
1783080700906995000,2.300994873046875,-5.535397052764893,-6.0297112464904785,-0.012581359595060349
1783080700926845200,2.32084521484375,-4.872693061828613,-2.8412632942199707,-0.6532390713691711
1783080700946657000,2.340656982421875,-2.3777098655700684,2.4065513610839844,0.21301746368408203
1783080700966545700,2.360545654296875,3.7725605964660645,11.569026947021484,-0.32032352685928345
1783080700986396000,2.38039599609375,7.705636978149414,21.074323654174805,-4.420231819152832
1783080701006246100,2.40024609375,5.690317630767822,25.946266174316406,-7.40460729598999
1783080701026096400,2.420096435546875,12.593426704406738,21.51089096069336,-3.9015557765960693
1783080701045946600,2.439946533203125,31.852033615112305,14.88779067993164,0.7725298404693604
1783080701065796600,2.459796630859375,33.53015899658203,12.326274871826172,0.34012502431869507
1783080701085646800,2.479646728515625,16.097620010375977,9.455055236816406,-0.3606949746608734
1783080701105497000,2.4994970703125,-2.223614454269409,5.524277687072754,1.867940068244934
1783080701125347300,2.519347412109375,-11.257086753845215,-0.4096546173095703,3.3946988582611084
1783080701145197600,2.539197509765625,-11.121360778808594,-5.225449562072754,0.8711435794830322
1783080701165047800,2.5590478515625,-7.034022331237793,-7.366014003753662,-2.0744380950927734
1783080701184898000,2.57889794921875,-1.9559006690979004,-6.777273178100586,-3.1005759239196777
1783080701204748000,2.598748046875,-3.881284713745117,-5.6838226318359375,-1.2182421684265137
1783080701224598300,2.618598388671875,-8.88812255859375,-4.749985218048096,0.09284177422523499
1783080701244448500,2.638448486328125,-11.769420623779297,-4.406123161315918,0.4429362416267395
1783080701264298800,2.658298828125,-10.077608108520508,-4.989043712615967,1.1373697519302368
1783080701284149000,2.67814892578125,-5.810240268707275,-5.700351715087891,1.2720181941986084
1783080701303806700,2.697806640625,-2.537754535675049,-6.196257591247559,1.0271143913269043
1783080701323656700,2.71765673828125,-1.9869928359985352,-6.2104949951171875,0.1380816400051117
1783080701343506700,2.737506591796875,-3.7567481994628906,-6.3313422203063965,-0.1535501927137375
1783080701363549400,2.757549560546875,-5.435461521148682,-6.401452541351318,0.023579135537147522
1783080701383207000,2.77720703125,-6.830658435821533,-6.283576488494873,0.48465830087661743
1783080701403057200,2.79705712890625,-7.261284828186035,-6.2762956619262695,0.6788941621780396
1783080701422907100,2.8169072265625,-6.715845108032227,-6.31132173538208,0.01655489206314087
1783080701442757000,2.836757080078125,-5.5261712074279785,-6.037726402282715,-0.6556692123413086
1783080701462800000,2.8567998046875,-4.372156143188477,-4.686642169952393,-0.8353121876716614
1783080701482457900,2.876457763671875,-3.1963648796081543,-2.1876230239868164,-0.8558539748191833
1783080701502307800,2.896307861328125,-2.292015314102173,2.757996082305908,-1.2182923555374146
1783080701522158000,2.916157958984375,1.5597596168518066,11.00593376159668,-3.5225725173950195
1783080701542008000,2.936008056640625,7.526307106018066,16.71312141418457,-5.589250087738037
1783080701562050800,2.95605078125,12.098333358764648,17.334068298339844,-2.670650005340576
1783080701581708800,2.975708740234375,18.22504997253418,13.02596664428711,0.8440714478492737
1783080701601751300,2.995751220703125,26.669696807861328,10.814367294311523,-0.027303457260131836
1783080701621409300,3.0154091796875,23.23035430908203,11.283918380737305,-1.3732171058654785
1783080701641259300,3.03525927734375,10.465539932250977,10.326131820678711,-1.280055284500122
1783080701661302000,3.055302001953125,0.7299051284790039,7.040841102600098,2.131422758102417
1783080701680959700,3.074959716796875,-1.541304111480713,0.9470853805541992,5.620968341827393
1783080701700810000,3.09481005859375,-1.6806907653808594,-3.7390246391296387,3.401646614074707
1783080701720660000,3.114659912109375,-2.7913687229156494,-5.674230575561523,1.1517150402069092
1783080701740702700,3.13470263671875,-5.208062648773193,-6.271312713623047,0.39311909675598145
1783080701760553200,3.15455322265625,-7.619686603546143,-5.5829668045043945,-0.13131912052631378
1783080701780211000,3.1742109375,-9.725261688232422,-5.289124011993408,-0.13700807094573975
1783080701800253700,3.194253662109375,-10.156432151794434,-5.325953483581543,-0.016875699162483215
1783080701820104000,3.21410400390625,-8.722685813903809,-5.6103363037109375,0.18739061057567596
1783080701839800300,3.23380029296875,-7.0836358070373535,-5.871786117553711,-0.10992392897605896
1783080701859804400,3.253804443359375,-5.917779922485352,-6.368013381958008,0.10232055187225342
1783080701879654700,3.273654541015625,-4.997213840484619,-6.713167190551758,0.07445287704467773
1783080701899350800,3.293350830078125,-4.530604362487793,-6.987448692321777,-0.1577816605567932
1783080701919162600,3.31316259765625,-4.341067314147949,-7.055572032928467,-0.4556412696838379
1783080701939205000,3.333205078125,-4.864536762237549,-7.2008514404296875,-0.24551361799240112
1783080701959055400,3.353055419921875,-5.4535346031188965,-7.543848991394043,0.20911359786987305
1783080701978713300,3.37271337890625,-5.591033458709717,-7.759058475494385,0.644621729850769
1783080701998563300,3.392563232421875,-5.534387111663818,-7.7033514976501465,0.5706607103347778
1783080702018605800,3.412605712890625,-5.081182956695557,-7.197491645812988,-0.08529841899871826
1783080702038456300,3.432456298828125,-4.012930870056152,-5.502638816833496,-0.4449726939201355
1783080702058114000,3.452114013671875,-0.9313864707946777,-0.850189208984375,-0.8657686710357666
1783080702077964000,3.471964111328125,2.5169267654418945,6.990790367126465,-1.124169945716858
1783080702097814000,3.49181396484375,4.768373489379883,17.02935028076172,-4.074474811553955
1783080702117856800,3.511856689453125,6.510040760040283,23.551353454589844,-6.4772233963012695
1783080702137707000,3.53170703125,15.847288131713867,21.423152923583984,-2.2082276344299316
1783080702157557500,3.5515576171875,26.719449996948242,17.11524200439453,0.27715325355529785
1783080702177215200,3.57121533203125,28.068424224853516,16.694705963134766,-1.9555118083953857
1783080702197103600,3.591103515625,16.574377059936523,16.382495880126953,-3.2700257301330566
1783080702216953900,3.610953857421875,3.998579502105713,11.592214584350586,-0.049809396266937256
1783080702236958000,3.6309580078125,-3.6432952880859375,4.229592323303223,4.832603454589844
1783080702256654300,3.650654296875,-7.184035301208496,-2.495358467102051,3.3256237506866455
1783080702276504300,3.67050439453125,-7.162097930908203,-6.852991580963135,-0.795550525188446
1783080702296508700,3.6905087890625,-5.713595867156982,-9.086880683898926,-3.380826950073242
1783080702316359000,3.71035888671875,-4.604142189025879,-9.295345306396484,-4.643723964691162
1783080702336132000,3.730132080078125,-6.405526638031006,-8.902969360351562,-4.179616451263428
1783080702355867000,3.749866943359375,-9.89013957977295,-8.321234703063965,-3.0014498233795166
1783080702375717000,3.769717041015625,-12.082828521728516,-7.838197231292725,-2.1675422191619873
1783080702395567000,3.789567138671875,-10.040973663330078,-8.025635719299316,-0.9936791062355042
1783080702415609600,3.809609619140625,-5.631566524505615,-8.715828895568848,-0.5851491689682007
1783080702435460000,3.829460205078125,-1.8479118347167969,-8.741342544555664,-0.9411339163780212
1783080702455117800,3.849117919921875,-1.0480432510375977,-8.651139259338379,-0.7877235412597656
1783080702475160300,3.869160400390625,-2.9017484188079834,-8.320423126220703,-0.4344137907028198
1783080702494818300,3.888818359375,-5.368402004241943,-7.9802565574646,0.05739207565784454
1783080702514860800,3.90886083984375,-6.987399578094482,-7.590732097625732,0.4518202841281891
1783080702534711000,3.9287109375,-7.56721830368042,-7.18656587600708,0.5638229846954346
1783080702554369000,3.948369140625,-7.479008674621582,-6.863687992095947,0.36071154475212097
1783080702574219000,3.968218994140625,-6.788624286651611,-6.122836589813232,0.09874872863292694
1783080702594069000,3.988069091796875,-5.199541091918945,-4.935434341430664,0.1827964186668396
1783080702614111700,4.00811181640625,-2.4260852336883545,-1.7877249717712402,0.868800938129425
1783080702633962000,4.0279619140625,1.3425078392028809,5.0868048667907715,0.6621549725532532
1783080702653619700,4.04761962890625,4.584788799285889,14.41842269897461,-0.686487078666687
1783080702673469700,4.0674697265625,6.257513046264648,20.976337432861328,-4.219549655914307
1783080702693320000,4.08731982421875,14.22722339630127,21.40730094909668,-2.438408613204956
1783080702713362700,4.10736279296875,29.459991455078125,15.79340934753418,1.4866007566452026
1783080702733020400,4.1270205078125,35.685428619384766,13.487260818481445,0.14571058750152588
1783080702752870400,4.146870361328125,24.425865173339844,10.857243537902832,-0.36303430795669556
1783080702772720600,4.166720703125,7.711637496948242,8.98917007446289,-1.3163734674453735
1783080702792571000,4.18657080078125,-4.489342212677002,4.45977258682251,1.9768755435943604
1783080702812613400,4.20661328125,-8.24414348602295,-0.5908474922180176,3.6697001457214355
1783080702832271000,4.22627099609375,-7.135151386260986,-3.985706090927124,2.3499293327331543
1783080702852159700,4.24615966796875,-4.687150955200195,-6.658054828643799,-0.1701352596282959
1783080702872010000,4.266010009765625,-2.2749528884887695,-6.513124465942383,-2.992626667022705
1783080702891860200,4.285860107421875,-3.240919351577759,-5.925412178039551,-3.8327889442443848
1783080702911864300,4.3058642578125,-6.98256778717041,-5.296903610229492,-3.6113810539245605
1783080702931714800,4.32571484375,-9.644856452941895,-5.176548957824707,-2.3195128440856934
1783080702951372500,4.34537255859375,-9.08696174621582,-5.722126007080078,-0.6311507225036621
1783080702971222800,4.365222900390625,-6.280070781707764,-6.258286952972412,0.21305173635482788
1783080702991072800,4.38507275390625,-3.9176688194274902,-6.591412544250488,-0.23857742547988892
1783080703011115500,4.405115478515625,-3.3569629192352295,-6.950244426727295,-0.7104374170303345
1783080703030773200,4.424773193359375,-3.795389175415039,-7.129021644592285,-0.818365216255188
1783080703050623200,4.444623291015625,-4.78826904296875,-7.261041164398193,-0.4790131449699402
1783080703070473500,4.464473388671875,-6.041076183319092,-7.321227073669434,-0.26157334446907043
1783080703090323500,4.484323486328125,-6.984925270080566,-7.779574871063232,0.16323789954185486
1783080703110366200,4.5043662109375,-7.458634376525879,-8.102471351623535,0.3695613741874695
1783080703130024000,4.52402392578125,-8.131256103515625,-7.428442478179932,0.07315179705619812
1783080703149874200,4.543874267578125,-6.751857280731201,-5.430377960205078,-0.5978899598121643
1783080703169724200,4.56372412109375,-3.127671718597412,-1.2925896644592285,-1.7061022520065308
1783080703189574400,4.583574462890625,2.4448070526123047,4.300601005554199,-1.1017907857894897
1783080703209617200,4.6036171875,6.975689888000488,13.012821197509766,-2.0592730045318604
1783080703229275000,4.62327490234375,7.834614276885986,21.44487762451172,-5.521634578704834
1783080703249125000,4.643125,12.35507583618164,23.754005432128906,-4.3281731605529785
1783080703268975000,4.66297509765625,23.602558135986328,19.845558166503906,-0.44009608030319214
1783080703288825300,4.682825439453125,33.39461135864258,14.579451560974121,3.275085926055908
1783080703308868000,4.7028681640625,25.852336883544922,11.228307723999023,4.502923488616943
1783080703328525800,4.72252587890625,11.304122924804688,9.161930084228516,3.7628514766693115
1783080703348376000,4.7423759765625,-2.0871095657348633,4.418676376342773,4.928284168243408
1783080703368418800,4.762418701171875,-11.090487480163574,-0.44701194763183594,2.9057157039642334
1783080703388076500,4.78207666015625,-10.987722396850586,-4.773913383483887,1.2992100715637207
1783080703408119300,4.802119384765625,-7.118850231170654,-7.410580158233643,-0.16082686185836792
1783080703427777000,4.821777099609375,-4.935567378997803,-8.106209754943848,-2.2718276977539062
1783080703447627000,4.841626953125,-6.481273174285889,-7.932558536529541,-2.813905715942383
1783080703467477200,4.861477294921875,-8.906346321105957,-7.360342025756836,-2.3984551429748535
1783080703487520000,4.88152001953125,-9.269474029541016,-7.291433811187744,-1.316969394683838
1783080703507370200,4.901370361328125,-6.746813774108887,-7.651015758514404,-0.31148040294647217
1783080703527220700,4.921220703125,-4.237646579742432,-8.219593048095703,-0.20434778928756714
1783080703546878500,4.94087841796875,-2.3631415367126465,-8.296712875366211,-1.1430548429489136
1783080703566728400,4.960728515625,-2.0313994884490967,-8.198939323425293,-2.1179018020629883
1783080703586578400,4.980578369140625,-3.4077281951904297,-7.987889766693115,-2.8581016063690186
1783080703606432500,5.0004326171875,-5.284906387329102,-8.09048843383789,-2.91270112991333
1783080703626533400,5.020533447265625,-6.395763397216797,-8.259544372558594,-2.3457255363464355
1783080703646371000,5.04037109375,-6.540736198425293,-8.245268821716309,-1.884948968887329
1783080703666174000,5.060174072265625,-5.991475582122803,-7.996868133544922,-1.909516453742981
1783080703686023700,5.080023681640625,-5.307816505432129,-7.142004013061523,-2.0320684909820557
1783080703705873700,5.099873779296875,-4.499173164367676,-5.354576110839844,-2.1110646724700928
1783080703725724000,5.119723876953125,-3.1833252906799316,-2.4698686599731445,-1.111135721206665
1783080703745554700,5.1395546875,-1.5095975399017334,2.670703887939453,-0.5634023547172546
1783080703765216300,5.15921630859375,0.46434879302978516,11.841450691223145,-3.3219873905181885
1783080703785069000,5.179069091796875,2.257995128631592,21.57191276550293,-6.985848426818848
1783080703804941000,5.198941162109375,9.947158813476562,26.092126846313477,-4.626559257507324
1783080703824981500,5.2189814453125,24.38490867614746,20.602373123168945,1.9505932331085205
1783080703844811000,5.23881103515625,37.569156646728516,14.517640113830566,3.9190995693206787
1783080703864471300,5.25847119140625,32.409507751464844,12.39988899230957,1.3067984580993652
1783080703884323300,5.2783232421875,15.332440376281738,10.396790504455566,1.048279047012329
1783080703904194600,5.298194580078125,-2.4490625858306885,7.063511848449707,3.776297092437744
1783080703924238600,5.318238525390625,-14.903179168701172,2.299224853515625,4.357697010040283
1783080703944105200,5.338105224609375,-13.034971237182617,-3.977095603942871,4.249735355377197
1783080703963764500,5.357764404296875,-4.204360008239746,-8.42792797088623,0.9854152202606201
1783080703983612000,5.37761181640625,0.25893688201904297,-9.64175033569336,-2.981013298034668
1783080704003445000,5.397445068359375,-3.785956621170044,-9.0137939453125,-4.193905830383301
1783080704023466000,5.417466064453125,-10.04592514038086,-8.58740234375,-3.4913687705993652
1783080704043125500,5.43712548828125,-13.02338981628418,-8.507164001464844,-2.5495693683624268
1783080704062977000,5.45697705078125,-12.008920669555664,-8.617465019226074,-1.4852957725524902
1783080704082828300,5.476828369140625,-7.965521335601807,-9.408122062683105,0.37186479568481445
1783080704102698800,5.49669873046875,-3.9963884353637695,-9.955155372619629,0.7681571245193481
1783080704122738400,5.516738525390625,-1.8718128204345703,-9.667884826660156,-0.6951215863227844
1783080704142567200,5.536567138671875,-1.801246166229248,-8.762920379638672,-2.2289676666259766
1783080704162226700,5.556226806640625,-2.6861958503723145,-7.496609687805176,-3.3266217708587646
1783080704182078200,5.576078125,-4.073101997375488,-6.791184425354004,-2.809234857559204
1783080704201949000,5.595948974609375,-5.195534706115723,-6.223779201507568,-1.6496772766113281
1783080704221969400,5.615969482421875,-5.07408332824707,-5.753251075744629,-1.48947012424469
1783080704241628700,5.635628662109375,-3.5901103019714355,-5.42860221862793,-1.7316033840179443
1783080704261499600,5.655499755859375,-2.4659667015075684,-3.571181535720825,-1.9831230640411377
1783080704281520000,5.67552001953125,-3.4225313663482666,-0.11544513702392578,-2.3373665809631348
1783080704301198800,5.69519873046875,-0.5137209892272949,3.617154121398926,-1.0156599283218384
1783080704321238800,5.71523876953125,2.495112895965576,9.50546646118164,-0.198221355676651
1783080704341067500,5.735067626953125,0.7916812896728516,17.217985153198242,-4.395330429077148
1783080704360727600,5.7547275390625,6.712808609008789,19.693416595458984,-4.59269380569458
1783080704380579000,5.7745791015625,21.143890380859375,13.860774993896484,-0.034294337034225464
1783080704400450300,5.7944501953125,33.298648834228516,10.698498725891113,0.6487737894058228
1783080704420490000,5.814489990234375,25.369930267333984,9.209026336669922,-1.0300285816192627
1783080704440319000,5.834319091796875,8.160833358764648,7.802773952484131,-1.9945647716522217
1783080704459998200,5.853998291015625,-4.779117584228516,5.130136966705322,-0.04717548191547394
1783080704480019500,5.87401953125,-6.884946823120117,0.2503485679626465,2.2491347789764404
1783080704499698700,5.89369873046875,-2.8095645904541016,-2.6469826698303223,0.6172729134559631
1783080704519739000,5.91373876953125,2.9381494522094727,-4.064603328704834,0.3643293082714081
1783080704539587300,5.93358740234375,0.2303318977355957,-4.693696975708008,0.1880715936422348
1783080704559436300,5.953436279296875,-7.873342037200928,-5.009463310241699,-1.3515677452087402
1783080704579285200,5.97328515625,-12.908927917480469,-5.769158840179443,-1.7641688585281372
1783080704599134500,5.993134521484375,-10.058286666870117,-6.613068580627441,-0.9712706208229065
1783080704618984200,6.012984130859375,-6.819766044616699,-7.204931259155273,-0.5948165059089661
1783080704638833700,6.032833740234375,-6.365572452545166,-6.987165927886963,-0.7545048594474792
1783080704658683400,6.052683349609375,-6.994812965393066,-6.656184673309326,0.12228535115718842
1783080704678533000,6.072533203125,-6.313755989074707,-6.164651393890381,0.5906732082366943
1783080704698383000,6.092383056640625,-4.950256824493408,-5.421176433563232,0.5312946438789368
1783080704718233000,6.112233154296875,-4.464620590209961,-4.758617877960205,0.49046528339385986
1783080704738083000,6.1320830078125,-4.395024299621582,-4.078436851501465,1.0409140586853027
1783080704757933000,6.15193310546875,-4.9382195472717285,-3.1923704147338867,1.2729870080947876
1783080704777783000,6.171782958984375,-6.626145839691162,-2.4320878982543945,2.6653904914855957
1783080704797633300,6.19163330078125,-3.5428524017333984,0.666020393371582,6.567178726196289
1783080704817483300,6.211483154296875,2.9978179931640625,1.3457708358764648,3.3706400394439697
1783080704837333500,6.23133349609375,4.221733093261719,1.1889872550964355,-1.1622626781463623
1783080704857183500,6.25118359375,2.377915859222412,3.0592613220214844,-0.44887131452560425
1783080704877033700,6.27103369140625,3.5233545303344727,6.343582630157471,0.7104849815368652
1783080704896884000,6.290884033203125,6.968744277954102,6.763673782348633,3.708815813064575
1783080704916730000,6.310730224609375,12.409972190856934,6.502524375915527,4.208027362823486
1783080704936546300,6.33054638671875,16.068885803222656,8.707717895507812,1.2493444681167603
1783080704956435000,6.35043505859375,15.604016304016113,9.834196090698242,0.9218001365661621
1783080704976285000,6.370284912109375,15.281932830810547,10.338977813720703,0.6206412315368652
1783080704996135000,6.390135009765625,12.172507286071777,8.813773155212402,-1.4357428550720215
1783080705015985200,6.409985107421875,6.463594436645508,4.916753768920898,-1.4851170778274536
1783080705035835400,6.42983544921875,5.1641998291015625,1.3732776641845703,0.8816798329353333
1783080705055685400,6.449685302734375,6.246570587158203,-1.2236809730529785,1.5184502601623535
1783080705075535600,6.46953564453125,0.7713966369628906,-2.778444766998291,1.653862714767456
1783080705095385600,6.489385498046875,-8.811203956604004,-1.826037883758545,-2.4958927631378174
1783080705115235800,6.50923583984375,-14.483325958251953,-2.6861751079559326,-4.862325668334961
1783080705135085800,6.5290859375,-14.784444808959961,-5.310271263122559,-3.4143002033233643
1783080705154936000,6.54893603515625,-12.94437026977539,-7.111295700073242,-0.44847923517227173
1783080705174786300,6.568786376953125,-8.386672019958496,-8.070138931274414,0.8848705887794495
1783080705194636500,6.588636474609375,-5.814373970031738,-7.950509071350098,0.7351313233375549
1783080705214486500,6.608486572265625,-7.113790988922119,-7.301785945892334,-0.03635811805725098
1783080705234329000,6.6283291015625,-8.885336875915527,-6.867918968200684,-0.5290313959121704
1783080705254111700,6.64811181640625,-7.832844257354736,-7.101743698120117,-0.37100765109062195
1783080705274034400,6.668034423828125,-5.630367755889893,-6.966582298278809,-0.4480659067630768
1783080705293831200,6.6878310546875,-4.3468194007873535,-5.773379802703857,-0.7584043741226196
1783080705313531000,6.70753076171875,-4.958237171173096,-4.1571044921875,-0.6287161707878113
1783080705333383700,6.7273837890625,-5.693708896636963,-2.395219326019287,-0.9899448156356812
1783080705353255400,6.74725537109375,-3.53749680519104,-1.2282886505126953,-1.2436659336090088
1783080705373295900,6.7672958984375,1.847078800201416,0.7004752159118652,-2.9568450450897217
1783080705393144600,6.78714453125,5.582395553588867,4.870104789733887,-3.8275723457336426
1783080705412974300,6.806974365234375,4.951869487762451,7.143458843231201,-0.6173391938209534
1783080705432634600,6.826634521484375,6.004979133605957,6.29258394241333,4.3494553565979
1783080705452506600,6.846506591796875,11.359125137329102,6.1285905838012695,5.025353908538818
1783080705472531500,6.866531494140625,9.94477367401123,8.250953674316406,4.505181789398193
1783080705492229000,6.88622900390625,8.574580192565918,10.708877563476562,3.582972764968872
1783080705512080100,6.906080078125,8.855707168579102,10.193918228149414,0.18653911352157593
